AANG,81927536639,AANG,$2y$10$IxZX2Bh3VrXa1ZCUsQH6Puk8lb/Rh72LBVsyYFu2ehjuIin.kujJq
ABDUL RIZAL,81927536274,ABDUL RIZAL,$2y$10$IxZX2Bh3VrXa1ZCUsQH6Puk8lb/Rh72LBVsyYFu2ehjuIin.kujJq
ABENG,81927536653,ABENG,$2y$10$IxZX2Bh3VrXa1ZCUsQH6Puk8lb/Rh72LBVsyYFu2ehjuIin.kujJq
ABI,81927536529,ABI,$2y$10$IxZX2Bh3VrXa1ZCUsQH6Puk8lb/Rh72LBVsyYFu2ehjuIin.kujJq
ABRAHAN,81927536292,ABRAHAN,$2y$10$IxZX2Bh3VrXa1ZCUsQH6Puk8lb/Rh72LBVsyYFu2ehjuIin.kujJq
ABY,81927536683,ABY,$2y$10$IxZX2Bh3VrXa1ZCUsQH6Puk8lb/Rh72LBVsyYFu2ehjuIin.kujJq
ACHMAD,81927536453,ACHMAD,$2y$10$IxZX2Bh3VrXa1ZCUsQH6Puk8lb/Rh72LBVsyYFu2ehjuIin.kujJq
ADAM,81927536505,ADAM,$2y$10$IxZX2Bh3VrXa1ZCUsQH6Puk8lb/Rh72LBVsyYFu2ehjuIin.kujJq
ADE ALMUHAJIRIN,81927536331,ADEALMUHAJIRIN,$2y$10$IxZX2Bh3VrXa1ZCUsQH6Puk8lb/Rh72LBVsyYFu2ehjuIin.kujJq
ADFER,81927536488,ADFER,$2y$10$IxZX2Bh3VrXa1ZCUsQH6Puk8lb/Rh72LBVsyYFu2ehjuIin.kujJq
ADI,81927536280,ADI,$2y$10$IxZX2Bh3VrXa1ZCUsQH6Puk8lb/Rh72LBVsyYFu2ehjuIin.kujJq
ADIT,81927536663,ADIT,$2y$10$IxZX2Bh3VrXa1ZCUsQH6Puk8lb/Rh72LBVsyYFu2ehjuIin.kujJq
ADITYA,81927536552,ADITYA,$2y$10$IxZX2Bh3VrXa1ZCUsQH6Puk8lb/Rh72LBVsyYFu2ehjuIin.kujJq
AFIF,81927536430,AFIF,$2y$10$IxZX2Bh3VrXa1ZCUsQH6Puk8lb/Rh72LBVsyYFu2ehjuIin.kujJq
AGAM,81927536460,AGAM,$2y$10$IxZX2Bh3VrXa1ZCUsQH6Puk8lb/Rh72LBVsyYFu2ehjuIin.kujJq
AGUS,81927536536,AGUS,$2y$10$IxZX2Bh3VrXa1ZCUsQH6Puk8lb/Rh72LBVsyYFu2ehjuIin.kujJq
AKMAL,81927536621,AKMAL,$2y$10$IxZX2Bh3VrXa1ZCUsQH6Puk8lb/Rh72LBVsyYFu2ehjuIin.kujJq
ALDI,81927536433,ALDI,$2y$10$IxZX2Bh3VrXa1ZCUsQH6Puk8lb/Rh72LBVsyYFu2ehjuIin.kujJq
ALDO,81927536620,ALDO,$2y$10$IxZX2Bh3VrXa1ZCUsQH6Puk8lb/Rh72LBVsyYFu2ehjuIin.kujJq
ALI,81927536421,ALI,$2y$10$IxZX2Bh3VrXa1ZCUsQH6Puk8lb/Rh72LBVsyYFu2ehjuIin.kujJq
ALIM,81927536360,ALIM,$2y$10$IxZX2Bh3VrXa1ZCUsQH6Puk8lb/Rh72LBVsyYFu2ehjuIin.kujJq
AMBON,81927536441,AMBON,$2y$10$IxZX2Bh3VrXa1ZCUsQH6Puk8lb/Rh72LBVsyYFu2ehjuIin.kujJq
AMK,81927536255,AMK,$2y$10$IxZX2Bh3VrXa1ZCUsQH6Puk8lb/Rh72LBVsyYFu2ehjuIin.kujJq
ANDIE,81927536268,ANDIE,$2y$10$IxZX2Bh3VrXa1ZCUsQH6Puk8lb/Rh72LBVsyYFu2ehjuIin.kujJq
ANDRE,81927536266,ANDRE,$2y$10$IxZX2Bh3VrXa1ZCUsQH6Puk8lb/Rh72LBVsyYFu2ehjuIin.kujJq
ANGGA,81927536438,ANGGA,$2y$10$IxZX2Bh3VrXa1ZCUsQH6Puk8lb/Rh72LBVsyYFu2ehjuIin.kujJq
ANGGADA,81927536589,ANGGADA,$2y$10$IxZX2Bh3VrXa1ZCUsQH6Puk8lb/Rh72LBVsyYFu2ehjuIin.kujJq
ANIS,81927536622,ANIS,$2y$10$IxZX2Bh3VrXa1ZCUsQH6Puk8lb/Rh72LBVsyYFu2ehjuIin.kujJq
APDEL,81927536440,APDEL,$2y$10$IxZX2Bh3VrXa1ZCUsQH6Puk8lb/Rh72LBVsyYFu2ehjuIin.kujJq
APP,81927536455,APP,$2y$10$IxZX2Bh3VrXa1ZCUsQH6Puk8lb/Rh72LBVsyYFu2ehjuIin.kujJq
ARDI,81927536526,ARDI,$2y$10$IxZX2Bh3VrXa1ZCUsQH6Puk8lb/Rh72LBVsyYFu2ehjuIin.kujJq
ARHAM,81927536512,ARHAM,$2y$10$IxZX2Bh3VrXa1ZCUsQH6Puk8lb/Rh72LBVsyYFu2ehjuIin.kujJq
ARI,81927536259,ARI,$2y$10$IxZX2Bh3VrXa1ZCUsQH6Puk8lb/Rh72LBVsyYFu2ehjuIin.kujJq
ARIFIN,81927536711,ARIFIN,$2y$10$IxZX2Bh3VrXa1ZCUsQH6Puk8lb/Rh72LBVsyYFu2ehjuIin.kujJq
AWAL AWAL,81927536311,AWALAWAL,$2y$10$IxZX2Bh3VrXa1ZCUsQH6Puk8lb/Rh72LBVsyYFu2ehjuIin.kujJq
AZHIM,81927536365,AZHIM,$2y$10$IxZX2Bh3VrXa1ZCUsQH6Puk8lb/Rh72LBVsyYFu2ehjuIin.kujJq
AZIZ,81927536263,AZIZ,$2y$10$IxZX2Bh3VrXa1ZCUsQH6Puk8lb/Rh72LBVsyYFu2ehjuIin.kujJq
AZWAR,81927536426,AZWAR,$2y$10$IxZX2Bh3VrXa1ZCUsQH6Puk8lb/Rh72LBVsyYFu2ehjuIin.kujJq
BALESTICK,81927536469,BALESTICK,$2y$10$IxZX2Bh3VrXa1ZCUsQH6Puk8lb/Rh72LBVsyYFu2ehjuIin.kujJq
BANG BELENG,81927536540,BANGBELENG,$2y$10$IxZX2Bh3VrXa1ZCUsQH6Puk8lb/Rh72LBVsyYFu2ehjuIin.kujJq
BARA FUTSAL,81927536517,BARAFUTSAL,$2y$10$IxZX2Bh3VrXa1ZCUsQH6Puk8lb/Rh72LBVsyYFu2ehjuIin.kujJq
BAYU,81927536252,BAYU,$2y$10$IxZX2Bh3VrXa1ZCUsQH6Puk8lb/Rh72LBVsyYFu2ehjuIin.kujJq
BEN,81927536659,BEN,$2y$10$IxZX2Bh3VrXa1ZCUsQH6Puk8lb/Rh72LBVsyYFu2ehjuIin.kujJq
BENEDICT,81927536270,BENEDICT,$2y$10$IxZX2Bh3VrXa1ZCUsQH6Puk8lb/Rh72LBVsyYFu2ehjuIin.kujJq
BENTARA,81927536401,BENTARA,$2y$10$IxZX2Bh3VrXa1ZCUsQH6Puk8lb/Rh72LBVsyYFu2ehjuIin.kujJq
BFI,81927536291,BFI,$2y$10$IxZX2Bh3VrXa1ZCUsQH6Puk8lb/Rh72LBVsyYFu2ehjuIin.kujJq
BIG TV,81927536288,BIGTV,$2y$10$IxZX2Bh3VrXa1ZCUsQH6Puk8lb/Rh72LBVsyYFu2ehjuIin.kujJq
BIMO,81927536580,BIMO,$2y$10$IxZX2Bh3VrXa1ZCUsQH6Puk8lb/Rh72LBVsyYFu2ehjuIin.kujJq
BINTANG,81927536329,BINTANG,$2y$10$IxZX2Bh3VrXa1ZCUsQH6Puk8lb/Rh72LBVsyYFu2ehjuIin.kujJq
BONENG,81927536406,BONENG,$2y$10$IxZX2Bh3VrXa1ZCUsQH6Puk8lb/Rh72LBVsyYFu2ehjuIin.kujJq
BSI,81927536289,BSI,$2y$10$IxZX2Bh3VrXa1ZCUsQH6Puk8lb/Rh72LBVsyYFu2ehjuIin.kujJq
CACA,81927536510,CACA,$2y$10$IxZX2Bh3VrXa1ZCUsQH6Puk8lb/Rh72LBVsyYFu2ehjuIin.kujJq
CARLA,81927536689,CARLA,$2y$10$IxZX2Bh3VrXa1ZCUsQH6Puk8lb/Rh72LBVsyYFu2ehjuIin.kujJq
CCIT,81927536293,CCIT,$2y$10$IxZX2Bh3VrXa1ZCUsQH6Puk8lb/Rh72LBVsyYFu2ehjuIin.kujJq
CIPTADRA,81927536578,CIPTADRA,$2y$10$IxZX2Bh3VrXa1ZCUsQH6Puk8lb/Rh72LBVsyYFu2ehjuIin.kujJq
COCA COLA,81927536309,COCACOLA,$2y$10$IxZX2Bh3VrXa1ZCUsQH6Puk8lb/Rh72LBVsyYFu2ehjuIin.kujJq
COCA COLA DEPOK,81927536476,COCACOLADEPOK,$2y$10$IxZX2Bh3VrXa1ZCUsQH6Puk8lb/Rh72LBVsyYFu2ehjuIin.kujJq
CS,81927536721,CS,$2y$10$IxZX2Bh3VrXa1ZCUsQH6Puk8lb/Rh72LBVsyYFu2ehjuIin.kujJq
CUKING,81927536466,CUKING,$2y$10$IxZX2Bh3VrXa1ZCUsQH6Puk8lb/Rh72LBVsyYFu2ehjuIin.kujJq
DAVID,81927536333,DAVID,$2y$10$IxZX2Bh3VrXa1ZCUsQH6Puk8lb/Rh72LBVsyYFu2ehjuIin.kujJq
DAWI,81927536302,DAWI,$2y$10$IxZX2Bh3VrXa1ZCUsQH6Puk8lb/Rh72LBVsyYFu2ehjuIin.kujJq
DEA,81927536606,DEA,$2y$10$IxZX2Bh3VrXa1ZCUsQH6Puk8lb/Rh72LBVsyYFu2ehjuIin.kujJq
DEDI,81927536317,DEDI,$2y$10$IxZX2Bh3VrXa1ZCUsQH6Puk8lb/Rh72LBVsyYFu2ehjuIin.kujJq
DEGA,81927536506,DEGA,$2y$10$IxZX2Bh3VrXa1ZCUsQH6Puk8lb/Rh72LBVsyYFu2ehjuIin.kujJq
DEPRES,81927536598,DEPRES,$2y$10$IxZX2Bh3VrXa1ZCUsQH6Puk8lb/Rh72LBVsyYFu2ehjuIin.kujJq
DIAZ,81927536605,DIAZ,$2y$10$IxZX2Bh3VrXa1ZCUsQH6Puk8lb/Rh72LBVsyYFu2ehjuIin.kujJq
DICKY,81927536256,DICKY,$2y$10$IxZX2Bh3VrXa1ZCUsQH6Puk8lb/Rh72LBVsyYFu2ehjuIin.kujJq
DIKA,81927536262,DIKA,$2y$10$IxZX2Bh3VrXa1ZCUsQH6Puk8lb/Rh72LBVsyYFu2ehjuIin.kujJq
DIMAS,81927536437,DIMAS,$2y$10$IxZX2Bh3VrXa1ZCUsQH6Puk8lb/Rh72LBVsyYFu2ehjuIin.kujJq
DIOR,81927536590,DIOR,$2y$10$IxZX2Bh3VrXa1ZCUsQH6Puk8lb/Rh72LBVsyYFu2ehjuIin.kujJq
DOB,81927536719,DOB,$2y$10$IxZX2Bh3VrXa1ZCUsQH6Puk8lb/Rh72LBVsyYFu2ehjuIin.kujJq
DODI,81927536294,DODI,$2y$10$IxZX2Bh3VrXa1ZCUsQH6Puk8lb/Rh72LBVsyYFu2ehjuIin.kujJq
DW,81927536563,DW,$2y$10$IxZX2Bh3VrXa1ZCUsQH6Puk8lb/Rh72LBVsyYFu2ehjuIin.kujJq
EC MARGO,81927536336,ECMARGO,$2y$10$IxZX2Bh3VrXa1ZCUsQH6Puk8lb/Rh72LBVsyYFu2ehjuIin.kujJq
EC-CA,81927536297,ECCA,$2y$10$IxZX2Bh3VrXa1ZCUsQH6Puk8lb/Rh72LBVsyYFu2ehjuIin.kujJq
EGI,81927536705,EGI,$2y$10$IxZX2Bh3VrXa1ZCUsQH6Puk8lb/Rh72LBVsyYFu2ehjuIin.kujJq
EJA,81927536498,EJA,$2y$10$IxZX2Bh3VrXa1ZCUsQH6Puk8lb/Rh72LBVsyYFu2ehjuIin.kujJq
EMAN,81927536468,EMAN,$2y$10$IxZX2Bh3VrXa1ZCUsQH6Puk8lb/Rh72LBVsyYFu2ehjuIin.kujJq
EMIR,81927536327,EMIR,$2y$10$IxZX2Bh3VrXa1ZCUsQH6Puk8lb/Rh72LBVsyYFu2ehjuIin.kujJq
ENPO,81927536404,ENPO,$2y$10$IxZX2Bh3VrXa1ZCUsQH6Puk8lb/Rh72LBVsyYFu2ehjuIin.kujJq
ERVIN,81927536417,ERVIN,$2y$10$IxZX2Bh3VrXa1ZCUsQH6Puk8lb/Rh72LBVsyYFu2ehjuIin.kujJq
FAHMI,81927536587,FAHMI,$2y$10$IxZX2Bh3VrXa1ZCUsQH6Puk8lb/Rh72LBVsyYFu2ehjuIin.kujJq
FAHRI,81927536407,FAHRI,$2y$10$IxZX2Bh3VrXa1ZCUsQH6Puk8lb/Rh72LBVsyYFu2ehjuIin.kujJq
FAJAR,81927536751,FAJAR,$2y$10$IxZX2Bh3VrXa1ZCUsQH6Puk8lb/Rh72LBVsyYFu2ehjuIin.kujJq
FAREL,81927536403,FAREL,$2y$10$IxZX2Bh3VrXa1ZCUsQH6Puk8lb/Rh72LBVsyYFu2ehjuIin.kujJq
FARHAN,81927536326,FARHAN,$2y$10$IxZX2Bh3VrXa1ZCUsQH6Puk8lb/Rh72LBVsyYFu2ehjuIin.kujJq
FARID,81927536361,FARID,$2y$10$IxZX2Bh3VrXa1ZCUsQH6Puk8lb/Rh72LBVsyYFu2ehjuIin.kujJq
FARIS,81927536298,FARIS,$2y$10$IxZX2Bh3VrXa1ZCUsQH6Puk8lb/Rh72LBVsyYFu2ehjuIin.kujJq
FARMASI UI,81927536456,FARMASIUI,$2y$10$IxZX2Bh3VrXa1ZCUsQH6Puk8lb/Rh72LBVsyYFu2ehjuIin.kujJq
FAUZAN,81927536323,FAUZAN,$2y$10$IxZX2Bh3VrXa1ZCUsQH6Puk8lb/Rh72LBVsyYFu2ehjuIin.kujJq
FAZRUL,81927536370,FAZRUL,$2y$10$IxZX2Bh3VrXa1ZCUsQH6Puk8lb/Rh72LBVsyYFu2ehjuIin.kujJq
FB SELATAN,81927536528,FBSELATAN,$2y$10$IxZX2Bh3VrXa1ZCUsQH6Puk8lb/Rh72LBVsyYFu2ehjuIin.kujJq
FEB UI,81927536570,FEBUI,$2y$10$IxZX2Bh3VrXa1ZCUsQH6Puk8lb/Rh72LBVsyYFu2ehjuIin.kujJq
FEREL,81927536345,FEREL,$2y$10$IxZX2Bh3VrXa1ZCUsQH6Puk8lb/Rh72LBVsyYFu2ehjuIin.kujJq
FIA UI,81927536313,FIAUI,$2y$10$IxZX2Bh3VrXa1ZCUsQH6Puk8lb/Rh72LBVsyYFu2ehjuIin.kujJq
FIKRI,81927536448,FIKRI,$2y$10$IxZX2Bh3VrXa1ZCUsQH6Puk8lb/Rh72LBVsyYFu2ehjuIin.kujJq
FIRMAN SYAH,81927536384,FIRMANSYAH,$2y$10$IxZX2Bh3VrXa1ZCUsQH6Puk8lb/Rh72LBVsyYFu2ehjuIin.kujJq
FISIKA UI,81927536508,FISIKAUI,$2y$10$IxZX2Bh3VrXa1ZCUsQH6Puk8lb/Rh72LBVsyYFu2ehjuIin.kujJq
FITKOM,81927536324,FITKOM,$2y$10$IxZX2Bh3VrXa1ZCUsQH6Puk8lb/Rh72LBVsyYFu2ehjuIin.kujJq
FKUI,81927536275,FKUI,$2y$10$IxZX2Bh3VrXa1ZCUsQH6Puk8lb/Rh72LBVsyYFu2ehjuIin.kujJq
FPB UI,81927536575,FPBUI,$2y$10$IxZX2Bh3VrXa1ZCUsQH6Puk8lb/Rh72LBVsyYFu2ehjuIin.kujJq
GALANG,81927536359,GALANG,$2y$10$IxZX2Bh3VrXa1ZCUsQH6Puk8lb/Rh72LBVsyYFu2ehjuIin.kujJq
GALIH,81927536596,GALIH,$2y$10$IxZX2Bh3VrXa1ZCUsQH6Puk8lb/Rh72LBVsyYFu2ehjuIin.kujJq
GARUDA DI DADAKU,81927536651,GARUDADIDADAKU,$2y$10$IxZX2Bh3VrXa1ZCUsQH6Puk8lb/Rh72LBVsyYFu2ehjuIin.kujJq
GAZY,81927536419,GAZY,$2y$10$IxZX2Bh3VrXa1ZCUsQH6Puk8lb/Rh72LBVsyYFu2ehjuIin.kujJq
GEDE,81927536295,GEDE,$2y$10$IxZX2Bh3VrXa1ZCUsQH6Puk8lb/Rh72LBVsyYFu2ehjuIin.kujJq
GEOLOGI UI,81927536346,GEOLOGIUI,$2y$10$IxZX2Bh3VrXa1ZCUsQH6Puk8lb/Rh72LBVsyYFu2ehjuIin.kujJq
GEOSAINS,81927536303,GEOSAINS,$2y$10$IxZX2Bh3VrXa1ZCUsQH6Puk8lb/Rh72LBVsyYFu2ehjuIin.kujJq
GERALDO,81927536615,GERALDO,$2y$10$IxZX2Bh3VrXa1ZCUsQH6Puk8lb/Rh72LBVsyYFu2ehjuIin.kujJq
GERI,81927536458,GERI,$2y$10$IxZX2Bh3VrXa1ZCUsQH6Puk8lb/Rh72LBVsyYFu2ehjuIin.kujJq
GILANG,81927536650,GILANG,$2y$10$IxZX2Bh3VrXa1ZCUsQH6Puk8lb/Rh72LBVsyYFu2ehjuIin.kujJq
GOZI,81927536733,GOZI,$2y$10$IxZX2Bh3VrXa1ZCUsQH6Puk8lb/Rh72LBVsyYFu2ehjuIin.kujJq
GOZY,81927536693,GOZY,$2y$10$IxZX2Bh3VrXa1ZCUsQH6Puk8lb/Rh72LBVsyYFu2ehjuIin.kujJq
GUNTUR,81927536281,GUNTUR,$2y$10$IxZX2Bh3VrXa1ZCUsQH6Puk8lb/Rh72LBVsyYFu2ehjuIin.kujJq
HAIKAL,81927536301,HAIKAL,$2y$10$IxZX2Bh3VrXa1ZCUsQH6Puk8lb/Rh72LBVsyYFu2ehjuIin.kujJq
HANTU LAUT,81927536482,HANTULAUT,$2y$10$IxZX2Bh3VrXa1ZCUsQH6Puk8lb/Rh72LBVsyYFu2ehjuIin.kujJq
HARI,81927536480,HARI,$2y$10$IxZX2Bh3VrXa1ZCUsQH6Puk8lb/Rh72LBVsyYFu2ehjuIin.kujJq
HASBI,81927536522,HASBI,$2y$10$IxZX2Bh3VrXa1ZCUsQH6Puk8lb/Rh72LBVsyYFu2ehjuIin.kujJq
HELLO CLEAN,81927536684,HELLOCLEAN,$2y$10$IxZX2Bh3VrXa1ZCUsQH6Puk8lb/Rh72LBVsyYFu2ehjuIin.kujJq
HENDRA,81927536507,HENDRA,$2y$10$IxZX2Bh3VrXa1ZCUsQH6Puk8lb/Rh72LBVsyYFu2ehjuIin.kujJq
HENDRIK,81927536607,HENDRIK,$2y$10$IxZX2Bh3VrXa1ZCUsQH6Puk8lb/Rh72LBVsyYFu2ehjuIin.kujJq
HENDRYAN,81927536410,HENDRYAN,$2y$10$IxZX2Bh3VrXa1ZCUsQH6Puk8lb/Rh72LBVsyYFu2ehjuIin.kujJq
HENDY,81927536352,HENDY,$2y$10$IxZX2Bh3VrXa1ZCUsQH6Puk8lb/Rh72LBVsyYFu2ehjuIin.kujJq
HMM,81927536322,HMM,$2y$10$IxZX2Bh3VrXa1ZCUsQH6Puk8lb/Rh72LBVsyYFu2ehjuIin.kujJq
HMTI,81927536334,HMTI,$2y$10$IxZX2Bh3VrXa1ZCUsQH6Puk8lb/Rh72LBVsyYFu2ehjuIin.kujJq
HUSEIN,81927536290,HUSEIN,$2y$10$IxZX2Bh3VrXa1ZCUsQH6Puk8lb/Rh72LBVsyYFu2ehjuIin.kujJq
IG,81927536631,IG,$2y$10$IxZX2Bh3VrXa1ZCUsQH6Puk8lb/Rh72LBVsyYFu2ehjuIin.kujJq
IKHSAN,81927536279,IKHSAN,$2y$10$IxZX2Bh3VrXa1ZCUsQH6Puk8lb/Rh72LBVsyYFu2ehjuIin.kujJq
ILHAM,81927536465,ILHAM,$2y$10$IxZX2Bh3VrXa1ZCUsQH6Puk8lb/Rh72LBVsyYFu2ehjuIin.kujJq
ILMA,81927536308,ILMA,$2y$10$IxZX2Bh3VrXa1ZCUsQH6Puk8lb/Rh72LBVsyYFu2ehjuIin.kujJq
IMA,81927536603,IMA,$2y$10$IxZX2Bh3VrXa1ZCUsQH6Puk8lb/Rh72LBVsyYFu2ehjuIin.kujJq
IMAM,81927536257,IMAM,$2y$10$IxZX2Bh3VrXa1ZCUsQH6Puk8lb/Rh72LBVsyYFu2ehjuIin.kujJq
INDOVISION,81927536307,INDOVISION,$2y$10$IxZX2Bh3VrXa1ZCUsQH6Puk8lb/Rh72LBVsyYFu2ehjuIin.kujJq
INDRA,81927536276,INDRA,$2y$10$IxZX2Bh3VrXa1ZCUsQH6Puk8lb/Rh72LBVsyYFu2ehjuIin.kujJq
INTIM,81927536428,INTIM,$2y$10$IxZX2Bh3VrXa1ZCUsQH6Puk8lb/Rh72LBVsyYFu2ehjuIin.kujJq
ISA,81927536633,ISA,$2y$10$IxZX2Bh3VrXa1ZCUsQH6Puk8lb/Rh72LBVsyYFu2ehjuIin.kujJq
IT SQUAD,81927536599,ITSQUAD,$2y$10$IxZX2Bh3VrXa1ZCUsQH6Puk8lb/Rh72LBVsyYFu2ehjuIin.kujJq
IYO,81927536348,IYO,$2y$10$IxZX2Bh3VrXa1ZCUsQH6Puk8lb/Rh72LBVsyYFu2ehjuIin.kujJq
IZZY,81927536420,IZZY,$2y$10$IxZX2Bh3VrXa1ZCUsQH6Puk8lb/Rh72LBVsyYFu2ehjuIin.kujJq
JAMBELT,81927536619,JAMBELT,$2y$10$IxZX2Bh3VrXa1ZCUsQH6Puk8lb/Rh72LBVsyYFu2ehjuIin.kujJq
JERICHO,81927536743,JERICHO,$2y$10$IxZX2Bh3VrXa1ZCUsQH6Puk8lb/Rh72LBVsyYFu2ehjuIin.kujJq
JRF,81927536261,JRF,$2y$10$IxZX2Bh3VrXa1ZCUsQH6Puk8lb/Rh72LBVsyYFu2ehjuIin.kujJq
JULIANTO,81927536642,JULIANTO,$2y$10$IxZX2Bh3VrXa1ZCUsQH6Puk8lb/Rh72LBVsyYFu2ehjuIin.kujJq
JUNG TECO,81927536267,JUNGTECO,$2y$10$IxZX2Bh3VrXa1ZCUsQH6Puk8lb/Rh72LBVsyYFu2ehjuIin.kujJq
JUNGTAECO,81927536484,JUNGTAECO,$2y$10$IxZX2Bh3VrXa1ZCUsQH6Puk8lb/Rh72LBVsyYFu2ehjuIin.kujJq
KAPAL 16,81927536353,KAPAL16,$2y$10$IxZX2Bh3VrXa1ZCUsQH6Puk8lb/Rh72LBVsyYFu2ehjuIin.kujJq
KEVIN,81927536380,KEVIN,$2y$10$IxZX2Bh3VrXa1ZCUsQH6Puk8lb/Rh72LBVsyYFu2ehjuIin.kujJq
KEYZA,81927536479,KEYZA,$2y$10$IxZX2Bh3VrXa1ZCUsQH6Puk8lb/Rh72LBVsyYFu2ehjuIin.kujJq
KIS,81927536300,KIS,$2y$10$IxZX2Bh3VrXa1ZCUsQH6Puk8lb/Rh72LBVsyYFu2ehjuIin.kujJq
KMHD UI,81927536258,KMHDUI,$2y$10$IxZX2Bh3VrXa1ZCUsQH6Puk8lb/Rh72LBVsyYFu2ehjuIin.kujJq
KUKUH,81927536593,KUKUH,$2y$10$IxZX2Bh3VrXa1ZCUsQH6Puk8lb/Rh72LBVsyYFu2ehjuIin.kujJq
LENTENG AGUNG,81927536675,LENTENGAGUNG,$2y$10$IxZX2Bh3VrXa1ZCUsQH6Puk8lb/Rh72LBVsyYFu2ehjuIin.kujJq
LEO,81927536273,LEO,$2y$10$IxZX2Bh3VrXa1ZCUsQH6Puk8lb/Rh72LBVsyYFu2ehjuIin.kujJq
LPDP UI,81927536493,LPDPUI,$2y$10$IxZX2Bh3VrXa1ZCUsQH6Puk8lb/Rh72LBVsyYFu2ehjuIin.kujJq
LPM,81927536271,LPM,$2y$10$IxZX2Bh3VrXa1ZCUsQH6Puk8lb/Rh72LBVsyYFu2ehjuIin.kujJq
M54,81927536717,M54,$2y$10$IxZX2Bh3VrXa1ZCUsQH6Puk8lb/Rh72LBVsyYFu2ehjuIin.kujJq
MABES,81927536314,MABES,$2y$10$IxZX2Bh3VrXa1ZCUsQH6Puk8lb/Rh72LBVsyYFu2ehjuIin.kujJq
MANGGARAI,81927536499,MANGGARAI,$2y$10$IxZX2Bh3VrXa1ZCUsQH6Puk8lb/Rh72LBVsyYFu2ehjuIin.kujJq
MANUFACTUR,81927536351,MANUFACTUR,$2y$10$IxZX2Bh3VrXa1ZCUsQH6Puk8lb/Rh72LBVsyYFu2ehjuIin.kujJq
MARCO,81927536542,MARCO,$2y$10$IxZX2Bh3VrXa1ZCUsQH6Puk8lb/Rh72LBVsyYFu2ehjuIin.kujJq
MARGO CITY,81927536617,MARGOCITY,$2y$10$IxZX2Bh3VrXa1ZCUsQH6Puk8lb/Rh72LBVsyYFu2ehjuIin.kujJq
MARGO HOTEL,81927536337,MARGOHOTEL,$2y$10$IxZX2Bh3VrXa1ZCUsQH6Puk8lb/Rh72LBVsyYFu2ehjuIin.kujJq
MARKIS,81927536445,MARKIS,$2y$10$IxZX2Bh3VrXa1ZCUsQH6Puk8lb/Rh72LBVsyYFu2ehjuIin.kujJq
MATAHARI,81927536597,MATAHARI,$2y$10$IxZX2Bh3VrXa1ZCUsQH6Puk8lb/Rh72LBVsyYFu2ehjuIin.kujJq
MCD MALL,81927536357,MCD MALL,$2y$10$IxZX2Bh3VrXa1ZCUsQH6Puk8lb/Rh72LBVsyYFu2ehjuIin.kujJq
MEQUE,81927536464,MEQUE,$2y$10$IxZX2Bh3VrXa1ZCUsQH6Puk8lb/Rh72LBVsyYFu2ehjuIin.kujJq
MIFTAH,81927536702,MIFTAH,$2y$10$IxZX2Bh3VrXa1ZCUsQH6Puk8lb/Rh72LBVsyYFu2ehjuIin.kujJq
MILAN,81927536251,MILAN,$2y$10$IxZX2Bh3VrXa1ZCUsQH6Puk8lb/Rh72LBVsyYFu2ehjuIin.kujJq
MIP UI,81927536577,MIPUI,$2y$10$IxZX2Bh3VrXa1ZCUsQH6Puk8lb/Rh72LBVsyYFu2ehjuIin.kujJq
MISBAH,81927536700,MISBAH,$2y$10$IxZX2Bh3VrXa1ZCUsQH6Puk8lb/Rh72LBVsyYFu2ehjuIin.kujJq
MKN 18,81927536277,MKN18,$2y$10$IxZX2Bh3VrXa1ZCUsQH6Puk8lb/Rh72LBVsyYFu2ehjuIin.kujJq
MNC MEDIA,81927536391,MNCMEDIA,$2y$10$IxZX2Bh3VrXa1ZCUsQH6Puk8lb/Rh72LBVsyYFu2ehjuIin.kujJq
MSU,81927536354,MSU,$2y$10$IxZX2Bh3VrXa1ZCUsQH6Puk8lb/Rh72LBVsyYFu2ehjuIin.kujJq
NANA,81927536614,NANA,$2y$10$IxZX2Bh3VrXa1ZCUsQH6Puk8lb/Rh72LBVsyYFu2ehjuIin.kujJq
NANDA,81927536374,NANDA,$2y$10$IxZX2Bh3VrXa1ZCUsQH6Puk8lb/Rh72LBVsyYFu2ehjuIin.kujJq
NATAMA,81927536539,NATAMA,$2y$10$IxZX2Bh3VrXa1ZCUsQH6Puk8lb/Rh72LBVsyYFu2ehjuIin.kujJq
NAVIGATOR,81927536260,NAVIGATOR,$2y$10$IxZX2Bh3VrXa1ZCUsQH6Puk8lb/Rh72LBVsyYFu2ehjuIin.kujJq
NELGO,81927536305,NELGO,$2y$10$IxZX2Bh3VrXa1ZCUsQH6Puk8lb/Rh72LBVsyYFu2ehjuIin.kujJq
NELONGSO,81927536332,NELONGSO,$2y$10$IxZX2Bh3VrXa1ZCUsQH6Puk8lb/Rh72LBVsyYFu2ehjuIin.kujJq
NIKEN,81927536674,NIKEN,$2y$10$IxZX2Bh3VrXa1ZCUsQH6Puk8lb/Rh72LBVsyYFu2ehjuIin.kujJq
NOVAL,81927536342,NOVAL,$2y$10$IxZX2Bh3VrXa1ZCUsQH6Puk8lb/Rh72LBVsyYFu2ehjuIin.kujJq
NOVEL,81927536423,NOVEL,$2y$10$IxZX2Bh3VrXa1ZCUsQH6Puk8lb/Rh72LBVsyYFu2ehjuIin.kujJq
NUR,81927536681,NUR,$2y$10$IxZX2Bh3VrXa1ZCUsQH6Puk8lb/Rh72LBVsyYFu2ehjuIin.kujJq
O9,81927536339,O9,$2y$10$IxZX2Bh3VrXa1ZCUsQH6Puk8lb/Rh72LBVsyYFu2ehjuIin.kujJq
OJAN TEAM,81927536548,OJAN TEAM,$2y$10$IxZX2Bh3VrXa1ZCUsQH6Puk8lb/Rh72LBVsyYFu2ehjuIin.kujJq
OJAR,81927536424,OJAR,$2y$10$IxZX2Bh3VrXa1ZCUsQH6Puk8lb/Rh72LBVsyYFu2ehjuIin.kujJq
OJAR TEAM,81927536254,OJARTEAM,$2y$10$IxZX2Bh3VrXa1ZCUsQH6Puk8lb/Rh72LBVsyYFu2ehjuIin.kujJq
PAILINK,81927536396,PAILINK,$2y$10$IxZX2Bh3VrXa1ZCUsQH6Puk8lb/Rh72LBVsyYFu2ehjuIin.kujJq
PAK EDI,81927536385,PAKEDI,$2y$10$IxZX2Bh3VrXa1ZCUsQH6Puk8lb/Rh72LBVsyYFu2ehjuIin.kujJq
PANCA LOGAM,81927536555,PANCALOGAM,$2y$10$IxZX2Bh3VrXa1ZCUsQH6Puk8lb/Rh72LBVsyYFu2ehjuIin.kujJq
PASAR,81927536511,PASAR,$2y$10$IxZX2Bh3VrXa1ZCUsQH6Puk8lb/Rh72LBVsyYFu2ehjuIin.kujJq
PASCAPOL,81927536414,PASCAPOL,$2y$10$IxZX2Bh3VrXa1ZCUsQH6Puk8lb/Rh72LBVsyYFu2ehjuIin.kujJq
PEPI,81927536350,PEPI,$2y$10$IxZX2Bh3VrXa1ZCUsQH6Puk8lb/Rh72LBVsyYFu2ehjuIin.kujJq
PIMEN,81927536664,PIMEN,$2y$10$IxZX2Bh3VrXa1ZCUsQH6Puk8lb/Rh72LBVsyYFu2ehjuIin.kujJq
PNJ,81927536285,PNJ,$2y$10$IxZX2Bh3VrXa1ZCUsQH6Puk8lb/Rh72LBVsyYFu2ehjuIin.kujJq
POP,81927536368,POP,$2y$10$IxZX2Bh3VrXa1ZCUsQH6Puk8lb/Rh72LBVsyYFu2ehjuIin.kujJq
POWER PLANT,81927536654,POWERPLANT,$2y$10$IxZX2Bh3VrXa1ZCUsQH6Puk8lb/Rh72LBVsyYFu2ehjuIin.kujJq
PRIMA,81927536744,PRIMA,$2y$10$IxZX2Bh3VrXa1ZCUsQH6Puk8lb/Rh72LBVsyYFu2ehjuIin.kujJq
PT. CFI,81927536375,PTCFI,$2y$10$IxZX2Bh3VrXa1ZCUsQH6Puk8lb/Rh72LBVsyYFu2ehjuIin.kujJq
PT. JPI,81927536697,PTJPI,$2y$10$IxZX2Bh3VrXa1ZCUsQH6Puk8lb/Rh72LBVsyYFu2ehjuIin.kujJq
PURI DIBYA PROPERTY,81927536269,PURIDIBYAPROPERTY,$2y$10$IxZX2Bh3VrXa1ZCUsQH6Puk8lb/Rh72LBVsyYFu2ehjuIin.kujJq
PUTRA,81927536282,PUTRA,$2y$10$IxZX2Bh3VrXa1ZCUsQH6Puk8lb/Rh72LBVsyYFu2ehjuIin.kujJq
QULTUB,81927536388,QULTUB,$2y$10$IxZX2Bh3VrXa1ZCUsQH6Puk8lb/Rh72LBVsyYFu2ehjuIin.kujJq
QUTUB,81927536439,QUTUB,$2y$10$IxZX2Bh3VrXa1ZCUsQH6Puk8lb/Rh72LBVsyYFu2ehjuIin.kujJq
RAFI,81927536431,RAFI,$2y$10$IxZX2Bh3VrXa1ZCUsQH6Puk8lb/Rh72LBVsyYFu2ehjuIin.kujJq
RAFID,81927536363,RAFID,$2y$10$IxZX2Bh3VrXa1ZCUsQH6Puk8lb/Rh72LBVsyYFu2ehjuIin.kujJq
RAFLI,81927536450,RAFLI,$2y$10$IxZX2Bh3VrXa1ZCUsQH6Puk8lb/Rh72LBVsyYFu2ehjuIin.kujJq
RAGA,81927536519,RAGA,$2y$10$IxZX2Bh3VrXa1ZCUsQH6Puk8lb/Rh72LBVsyYFu2ehjuIin.kujJq
RAHMAT,81927536741,RAHMAT,$2y$10$IxZX2Bh3VrXa1ZCUsQH6Puk8lb/Rh72LBVsyYFu2ehjuIin.kujJq
RAILINK,81927536451,RAILINK,$2y$10$IxZX2Bh3VrXa1ZCUsQH6Puk8lb/Rh72LBVsyYFu2ehjuIin.kujJq
RAMA,81927536532,RAMA,$2y$10$IxZX2Bh3VrXa1ZCUsQH6Puk8lb/Rh72LBVsyYFu2ehjuIin.kujJq
RANDY,81927536400,RANDY,$2y$10$IxZX2Bh3VrXa1ZCUsQH6Puk8lb/Rh72LBVsyYFu2ehjuIin.kujJq
RAYHAN,81927536335,RAYHAN,$2y$10$IxZX2Bh3VrXa1ZCUsQH6Puk8lb/Rh72LBVsyYFu2ehjuIin.kujJq
REALFANS,81927536494,REALFANS,$2y$10$IxZX2Bh3VrXa1ZCUsQH6Puk8lb/Rh72LBVsyYFu2ehjuIin.kujJq
RESTU,81927536553,RESTU,$2y$10$IxZX2Bh3VrXa1ZCUsQH6Puk8lb/Rh72LBVsyYFu2ehjuIin.kujJq
REZA,81927536518,REZA,$2y$10$IxZX2Bh3VrXa1ZCUsQH6Puk8lb/Rh72LBVsyYFu2ehjuIin.kujJq
RIFKA,81927536624,RIFKA,$2y$10$IxZX2Bh3VrXa1ZCUsQH6Puk8lb/Rh72LBVsyYFu2ehjuIin.kujJq
RIFKY,81927536379,RIFKY,$2y$10$IxZX2Bh3VrXa1ZCUsQH6Puk8lb/Rh72LBVsyYFu2ehjuIin.kujJq
RIYAN DOB,81927536655,RIYANDOB,$2y$10$IxZX2Bh3VrXa1ZCUsQH6Puk8lb/Rh72LBVsyYFu2ehjuIin.kujJq
RIZAL,81927536737,RIZAL,$2y$10$IxZX2Bh3VrXa1ZCUsQH6Puk8lb/Rh72LBVsyYFu2ehjuIin.kujJq
ROBBY,81927536688,ROBBY,$2y$10$IxZX2Bh3VrXa1ZCUsQH6Puk8lb/Rh72LBVsyYFu2ehjuIin.kujJq
ROBY,81927536610,ROBY,$2y$10$IxZX2Bh3VrXa1ZCUsQH6Puk8lb/Rh72LBVsyYFu2ehjuIin.kujJq
RUDY,81927536286,RUDY,$2y$10$IxZX2Bh3VrXa1ZCUsQH6Puk8lb/Rh72LBVsyYFu2ehjuIin.kujJq
RUSTAM,81927536699,RUSTAM,$2y$10$IxZX2Bh3VrXa1ZCUsQH6Puk8lb/Rh72LBVsyYFu2ehjuIin.kujJq
SAID,81927536372,SAID,$2y$10$IxZX2Bh3VrXa1ZCUsQH6Puk8lb/Rh72LBVsyYFu2ehjuIin.kujJq
SAM,81927536486,SAM,$2y$10$IxZX2Bh3VrXa1ZCUsQH6Puk8lb/Rh72LBVsyYFu2ehjuIin.kujJq
SAMOSI,81927536523,SAMOSI,$2y$10$IxZX2Bh3VrXa1ZCUsQH6Puk8lb/Rh72LBVsyYFu2ehjuIin.kujJq
SARI,81927536569,SARI,$2y$10$IxZX2Bh3VrXa1ZCUsQH6Puk8lb/Rh72LBVsyYFu2ehjuIin.kujJq
SASAMBO,81927536319,SASAMBO,$2y$10$IxZX2Bh3VrXa1ZCUsQH6Puk8lb/Rh72LBVsyYFu2ehjuIin.kujJq
SEJAHTERA,81927536296,SEJAHTERA,$2y$10$IxZX2Bh3VrXa1ZCUsQH6Puk8lb/Rh72LBVsyYFu2ehjuIin.kujJq
SINARMAS HANA FINANCE,81927536692,SINARMASHANAFINANCE,$2y$10$IxZX2Bh3VrXa1ZCUsQH6Puk8lb/Rh72LBVsyYFu2ehjuIin.kujJq
SISTEM INFORMASI,81927536492,SISTEMINFORMASI,$2y$10$IxZX2Bh3VrXa1ZCUsQH6Puk8lb/Rh72LBVsyYFu2ehjuIin.kujJq
SKOY,81927536442,SKOY,$2y$10$IxZX2Bh3VrXa1ZCUsQH6Puk8lb/Rh72LBVsyYFu2ehjuIin.kujJq
SONY,81927536432,SONY,$2y$10$IxZX2Bh3VrXa1ZCUsQH6Puk8lb/Rh72LBVsyYFu2ehjuIin.kujJq
ST. GAMBIR,81927536284,STGAMBIR,$2y$10$IxZX2Bh3VrXa1ZCUsQH6Puk8lb/Rh72LBVsyYFu2ehjuIin.kujJq
STAI AUQUDWAH,81927536559,STAIAUQUDWAH,$2y$10$IxZX2Bh3VrXa1ZCUsQH6Puk8lb/Rh72LBVsyYFu2ehjuIin.kujJq
SUJIWO,81927536415,SUJIWO,$2y$10$IxZX2Bh3VrXa1ZCUsQH6Puk8lb/Rh72LBVsyYFu2ehjuIin.kujJq
SUZUKI,81927536500,SUZUKI,$2y$10$IxZX2Bh3VrXa1ZCUsQH6Puk8lb/Rh72LBVsyYFu2ehjuIin.kujJq
TAGE,81927536356,TAGE,$2y$10$IxZX2Bh3VrXa1ZCUsQH6Puk8lb/Rh72LBVsyYFu2ehjuIin.kujJq
TAMA,81927536395,TAMA,$2y$10$IxZX2Bh3VrXa1ZCUsQH6Puk8lb/Rh72LBVsyYFu2ehjuIin.kujJq
TAMBA,81927536739,TAMBA,$2y$10$IxZX2Bh3VrXa1ZCUsQH6Puk8lb/Rh72LBVsyYFu2ehjuIin.kujJq
TANJUNG BARAT,81927536707,TANJUNGBARAT,$2y$10$IxZX2Bh3VrXa1ZCUsQH6Puk8lb/Rh72LBVsyYFu2ehjuIin.kujJq
TEBET FC,81927536601,TEBETFC,$2y$10$IxZX2Bh3VrXa1ZCUsQH6Puk8lb/Rh72LBVsyYFu2ehjuIin.kujJq
TEDY,81927536474,TEDY,$2y$10$IxZX2Bh3VrXa1ZCUsQH6Puk8lb/Rh72LBVsyYFu2ehjuIin.kujJq
TI,81927536535,TI,$2y$10$IxZX2Bh3VrXa1ZCUsQH6Puk8lb/Rh72LBVsyYFu2ehjuIin.kujJq
TIAS,81927536538,TIAS,$2y$10$IxZX2Bh3VrXa1ZCUsQH6Puk8lb/Rh72LBVsyYFu2ehjuIin.kujJq
TONY,81927536533,TONY,$2y$10$IxZX2Bh3VrXa1ZCUsQH6Puk8lb/Rh72LBVsyYFu2ehjuIin.kujJq
TRAILING,81927536349,TRAILING,$2y$10$IxZX2Bh3VrXa1ZCUsQH6Puk8lb/Rh72LBVsyYFu2ehjuIin.kujJq
TRANS PASIFIC,81927536531,TRANSPASIFIC,$2y$10$IxZX2Bh3VrXa1ZCUsQH6Puk8lb/Rh72LBVsyYFu2ehjuIin.kujJq
UCOK,81927536299,UCOK,$2y$10$IxZX2Bh3VrXa1ZCUsQH6Puk8lb/Rh72LBVsyYFu2ehjuIin.kujJq
ULIL,81927536386,ULIL,$2y$10$IxZX2Bh3VrXa1ZCUsQH6Puk8lb/Rh72LBVsyYFu2ehjuIin.kujJq
VS,81927536272,VS,$2y$10$IxZX2Bh3VrXa1ZCUsQH6Puk8lb/Rh72LBVsyYFu2ehjuIin.kujJq
WAHYU,81927536646,WAHYU,$2y$10$IxZX2Bh3VrXa1ZCUsQH6Puk8lb/Rh72LBVsyYFu2ehjuIin.kujJq
WARGA,81927536443,WARGA,$2y$10$IxZX2Bh3VrXa1ZCUsQH6Puk8lb/Rh72LBVsyYFu2ehjuIin.kujJq
WAWAN,81927536496,WAWAN,$2y$10$IxZX2Bh3VrXa1ZCUsQH6Puk8lb/Rh72LBVsyYFu2ehjuIin.kujJq
WISNU,81927536446,WISNU,$2y$10$IxZX2Bh3VrXa1ZCUsQH6Puk8lb/Rh72LBVsyYFu2ehjuIin.kujJq
WSS,81927536497,WSS,$2y$10$IxZX2Bh3VrXa1ZCUsQH6Puk8lb/Rh72LBVsyYFu2ehjuIin.kujJq
YAZID,81927536283,YAZID,$2y$10$IxZX2Bh3VrXa1ZCUsQH6Puk8lb/Rh72LBVsyYFu2ehjuIin.kujJq
YOGA,81927536287,YOGA,$2y$10$IxZX2Bh3VrXa1ZCUsQH6Puk8lb/Rh72LBVsyYFu2ehjuIin.kujJq
YUAN,81927536585,YUAN,$2y$10$IxZX2Bh3VrXa1ZCUsQH6Puk8lb/Rh72LBVsyYFu2ehjuIin.kujJq
YUDA,81927536750,YUDA,$2y$10$IxZX2Bh3VrXa1ZCUsQH6Puk8lb/Rh72LBVsyYFu2ehjuIin.kujJq
YUNAN,81927536462,YUNAN,$2y$10$IxZX2Bh3VrXa1ZCUsQH6Puk8lb/Rh72LBVsyYFu2ehjuIin.kujJq
ZIDAN,81927536665,ZIDAN,$2y$10$IxZX2Bh3VrXa1ZCUsQH6Puk8lb/Rh72LBVsyYFu2ehjuIin.kujJq
,,,
,,,
,,,
,,,
,,,
,,,
,,,
,,,
,,,
,,,
,,,
,,,
,,,
,,,
,,,
,,,
,,,
,,,
,,,
,,,
,,,
,,,
,,,
,,,
,,,
,,,
,,,
,,,
,,,
,,,
,,,
,,,
,,,
,,,
,,,
,,,
,,,
,,,
,,,
,,,
,,,
,,,
,,,
,,,
,,,
,,,
,,,
,,,
,,,
,,,
,,,
,,,
,,,
,,,
,,,
,,,
,,,
,,,
,,,
,,,
,,,
,,,
,,,
,,,
,,,
,,,
,,,
,,,
,,,
,,,
,,,
,,,
,,,
,,,
,,,
,,,
,,,
,,,
,,,
,,,
,,,
,,,
,,,
,,,
,,,
,,,
,,,
,,,
,,,
,,,
,,,
,,,
,,,
,,,
,,,
,,,
,,,
,,,
,,,
,,,
,,,
,,,
,,,
,,,
,,,
,,,
,,,
,,,
,,,
,,,
,,,
,,,
,,,
,,,
,,,
,,,
,,,
,,,
,,,
,,,
,,,
,,,
,,,
,,,
,,,
,,,
,,,
,,,
,,,
,,,
,,,
,,,
,,,
,,,
,,,
,,,
,,,
,,,
,,,
,,,
,,,
,,,
,,,
,,,
,,,
,,,
,,,
,,,
,,,
,,,
,,,
,,,
,,,
,,,
,,,
,,,
,,,
,,,
,,,
,,,
,,,
,,,
,,,
,,,
,,,
,,,
,,,
,,,
,,,
,,,
,,,
,,,
,,,
,,,
,,,
,,,
,,,
,,,
,,,
,,,
,,,
,,,
,,,
,,,
,,,
,,,
,,,
,,,
,,,
,,,
,,,
,,,
,,,
,,,
,,,
,,,
,,,
,,,
,,,
,,,
,,,
,,,
,,,
,,,
,,,
,,,
,,,
,,,
,,,
,,,
,,,
,,,
,,,
,,,
,,,
,,,
,,,
,,,
,,,
,,,
,,,
,,,
,,,
,,,
,,,
,,,
,,,
,,,
,,,
,,,
,,,
,,,
,,,
,,,
,,,
,,,
,,,
,,,
